competitor_id,rank,points,movement,competitions_played,type,gender,year,week
sr:competitor:225050,1,11480,0,17,ATP,men,2025,36
sr:competitor:407573,2,9590,0,20,ATP,men,2025,36
sr:competitor:57163,3,6230,0,23,ATP,men,2025,36
sr:competitor:136042,4,5575,0,22,ATP,men,2025,36
sr:competitor:352776,5,4440,0,17,ATP,men,2025,36
sr:competitor:808628,6,4280,0,23,ATP,men,2025,36
sr:competitor:14882,7,4130,0,19,ATP,men,2025,36
sr:competitor:214182,8,3545,0,23,ATP,men,2025,36
sr:competitor:90080,9,3240,0,25,ATP,men,2025,36
sr:competitor:359602,10,3205,0,20,ATP,men,2025,36
sr:competitor:429603,11,3050,0,22,ATP,men,2025,36
sr:competitor:119248,12,2905,0,23,ATP,men,2025,36
sr:competitor:163504,13,2760,0,22,ATP,men,2025,36
sr:competitor:138546,14,2610,0,21,ATP,men,2025,36
sr:competitor:106755,15,2610,0,28,ATP,men,2025,36
sr:competitor:763108,16,2430,0,23,ATP,men,2025,36
sr:competitor:101101,17,2340,0,24,ATP,men,2025,36
sr:competitor:157456,18,2185,0,26,ATP,men,2025,36
sr:competitor:255595,19,2135,0,26,ATP,men,2025,36
sr:competitor:671637,20,2120,0,19,ATP,men,2025,36
sr:competitor:339377,21,2115,0,25,ATP,men,2025,36
sr:competitor:300540,22,2110,0,21,ATP,men,2025,36
sr:competitor:185388,23,2085,0,22,ATP,men,2025,36
sr:competitor:163480,24,2055,0,28,ATP,men,2025,36
sr:competitor:23581,25,2045,0,18,ATP,men,2025,36
sr:competitor:399637,26,2040,0,28,ATP,men,2025,36
sr:competitor:195800,27,1965,0,28,ATP,men,2025,36
sr:competitor:122366,28,1790,0,23,ATP,men,2025,36
sr:competitor:117916,29,1748,0,23,ATP,men,2025,36
sr:competitor:122368,30,1655,1,26,ATP,men,2025,36
sr:competitor:294300,31,1570,1,30,ATP,men,2025,36
sr:competitor:871495,32,1525,-2,27,ATP,men,2025,36
sr:competitor:418213,33,1388,0,25,ATP,men,2025,36
sr:competitor:534043,34,1379,0,34,ATP,men,2025,36
sr:competitor:95935,35,1297,1,26,ATP,men,2025,36
sr:competitor:128552,36,1290,1,24,ATP,men,2025,36
sr:competitor:450283,37,1275,2,26,ATP,men,2025,36
sr:competitor:88992,38,1208,0,29,ATP,men,2025,36
sr:competitor:257721,39,1175,1,27,ATP,men,2025,36
sr:competitor:175014,40,1146,1,26,ATP,men,2025,36
sr:competitor:125006,41,1145,1,29,ATP,men,2025,36
sr:competitor:130398,42,1126,3,30,ATP,men,2025,36
sr:competitor:204117,43,1123,0,29,ATP,men,2025,36
sr:competitor:126356,44,1117,2,27,ATP,men,2025,36
sr:competitor:863319,45,1095,-1,21,ATP,men,2025,36
sr:competitor:104847,46,1090,-11,29,ATP,men,2025,36
sr:competitor:16720,47,1075,0,28,ATP,men,2025,36
sr:competitor:170946,48,1039,1,27,ATP,men,2025,36
sr:competitor:14844,49,1015,1,21,ATP,men,2025,36
sr:competitor:891669,50,1000,-2,27,ATP,men,2025,36
sr:competitor:94485,51,999,0,28,ATP,men,2025,36
sr:competitor:112783,52,975,0,20,ATP,men,2025,36
sr:competitor:254383,53,975,0,25,ATP,men,2025,36
sr:competitor:341192,54,962,0,29,ATP,men,2025,36
sr:competitor:42379,55,960,0,26,ATP,men,2025,36
sr:competitor:127208,56,952,0,31,ATP,men,2025,36
sr:competitor:601146,57,950,8,22,ATP,men,2025,36
sr:competitor:87690,58,945,-1,19,ATP,men,2025,36
sr:competitor:169496,59,940,-1,33,ATP,men,2025,36
sr:competitor:407783,60,939,-1,25,ATP,men,2025,36
sr:competitor:49172,61,933,-1,33,ATP,men,2025,36
sr:competitor:15387,62,922,-1,20,ATP,men,2025,36
sr:competitor:47770,63,916,31,21,ATP,men,2025,36
sr:competitor:505550,64,915,-2,24,ATP,men,2025,36
sr:competitor:472975,65,914,-2,31,ATP,men,2025,36
sr:competitor:77223,66,913,-2,34,ATP,men,2025,36
sr:competitor:130400,67,895,-1,24,ATP,men,2025,36
sr:competitor:158896,68,885,-1,20,ATP,men,2025,36
sr:competitor:399633,69,873,0,27,ATP,men,2025,36
sr:competitor:90798,70,873,0,29,ATP,men,2025,36
sr:competitor:188321,71,862,0,34,ATP,men,2025,36
sr:competitor:97231,72,851,0,23,ATP,men,2025,36
sr:competitor:102339,73,849,19,22,ATP,men,2025,36
sr:competitor:337601,74,841,2,33,ATP,men,2025,36
sr:competitor:203681,75,835,11,19,ATP,men,2025,36
sr:competitor:108709,76,819,2,21,ATP,men,2025,36
sr:competitor:15894,77,811,-4,29,ATP,men,2025,36
sr:competitor:392066,78,810,-4,30,ATP,men,2025,36
sr:competitor:445419,79,791,-4,21,ATP,men,2025,36
sr:competitor:25838,80,784,-12,23,ATP,men,2025,36
sr:competitor:58221,81,784,-2,28,ATP,men,2025,36
sr:competitor:63606,82,782,-5,31,ATP,men,2025,36
sr:competitor:310974,83,774,-3,25,ATP,men,2025,36
sr:competitor:655845,84,771,-3,27,ATP,men,2025,36
sr:competitor:227358,85,763,-3,31,ATP,men,2025,36
sr:competitor:450477,86,755,-3,29,ATP,men,2025,36
sr:competitor:51141,87,740,-3,28,ATP,men,2025,36
sr:competitor:258735,88,736,-3,26,ATP,men,2025,36
sr:competitor:210526,89,732,-2,28,ATP,men,2025,36
sr:competitor:15733,90,703,-2,23,ATP,men,2025,36
sr:competitor:371436,91,692,-2,28,ATP,men,2025,36
sr:competitor:195516,92,687,-1,18,ATP,men,2025,36
sr:competitor:248779,93,677,2,23,ATP,men,2025,36
sr:competitor:124930,94,676,-4,25,ATP,men,2025,36
sr:competitor:124656,95,668,-2,29,ATP,men,2025,36
sr:competitor:405977,96,654,1,34,ATP,men,2025,36
sr:competitor:355752,97,652,1,32,ATP,men,2025,36
sr:competitor:341220,98,643,1,31,ATP,men,2025,36
sr:competitor:108559,99,643,1,28,ATP,men,2025,36
sr:competitor:63438,100,642,2,24,ATP,men,2025,36
sr:competitor:284805,101,640,0,28,ATP,men,2025,36
sr:competitor:89632,102,628,1,29,ATP,men,2025,36
sr:competitor:299130,103,623,-7,27,ATP,men,2025,36
sr:competitor:872497,104,604,2,27,ATP,men,2025,36
sr:competitor:64580,105,595,-1,22,ATP,men,2025,36
sr:competitor:39711,106,584,1,25,ATP,men,2025,36
sr:competitor:739641,107,583,-2,25,ATP,men,2025,36
sr:competitor:26204,108,567,1,25,ATP,men,2025,36
sr:competitor:1084926,109,560,1,27,ATP,men,2025,36
sr:competitor:226050,110,554,1,32,ATP,men,2025,36
sr:competitor:721347,111,550,-3,17,ATP,men,2025,36
sr:competitor:503814,112,550,0,28,ATP,men,2025,36
sr:competitor:284801,113,546,1,29,ATP,men,2025,36
sr:competitor:263917,114,543,1,27,ATP,men,2025,36
sr:competitor:256875,115,542,2,27,ATP,men,2025,36
sr:competitor:829282,116,540,0,27,ATP,men,2025,36
sr:competitor:682911,117,530,1,22,ATP,men,2025,36
sr:competitor:226036,118,529,1,25,ATP,men,2025,36
sr:competitor:163636,119,525,1,20,ATP,men,2025,36
sr:competitor:353530,120,524,1,22,ATP,men,2025,36
sr:competitor:57289,121,524,1,27,ATP,men,2025,36
sr:competitor:102151,122,517,4,25,ATP,men,2025,36
sr:competitor:276563,123,515,0,19,ATP,men,2025,36
sr:competitor:722429,124,514,0,20,ATP,men,2025,36
sr:competitor:223874,125,513,0,28,ATP,men,2025,36
sr:competitor:64570,126,510,1,18,ATP,men,2025,36
sr:competitor:448357,127,493,1,30,ATP,men,2025,36
sr:competitor:39234,128,489,1,25,ATP,men,2025,36
sr:competitor:113979,129,487,1,31,ATP,men,2025,36
sr:competitor:619900,130,486,1,23,ATP,men,2025,36
sr:competitor:92074,131,480,1,29,ATP,men,2025,36
sr:competitor:47975,132,475,1,18,ATP,men,2025,36
sr:competitor:798876,133,473,1,18,ATP,men,2025,36
sr:competitor:132834,134,473,1,31,ATP,men,2025,36
sr:competitor:604344,135,473,1,26,ATP,men,2025,36
sr:competitor:16375,136,471,1,24,ATP,men,2025,36
sr:competitor:40800,137,468,-24,25,ATP,men,2025,36
sr:competitor:903987,138,468,0,25,ATP,men,2025,36
sr:competitor:44553,139,461,0,25,ATP,men,2025,36
sr:competitor:83397,140,453,1,18,ATP,men,2025,36
sr:competitor:93597,141,452,1,24,ATP,men,2025,36
sr:competitor:443702,142,431,2,29,ATP,men,2025,36
sr:competitor:161262,143,430,-3,24,ATP,men,2025,36
sr:competitor:46391,144,428,1,27,ATP,men,2025,36
sr:competitor:501672,145,421,-2,24,ATP,men,2025,36
sr:competitor:14548,146,417,0,25,ATP,men,2025,36
sr:competitor:801386,147,413,0,25,ATP,men,2025,36
sr:competitor:157302,148,408,0,20,ATP,men,2025,36
sr:competitor:59281,149,399,0,23,ATP,men,2025,36
sr:competitor:105607,150,387,0,26,ATP,men,2025,36
sr:competitor:111837,151,382,0,27,ATP,men,2025,36
sr:competitor:321667,152,379,0,28,ATP,men,2025,36
sr:competitor:54573,153,376,0,25,ATP,men,2025,36
sr:competitor:212004,154,372,0,28,ATP,men,2025,36
sr:competitor:359608,155,364,0,28,ATP,men,2025,36
sr:competitor:223714,156,362,0,21,ATP,men,2025,36
sr:competitor:675173,157,360,1,29,ATP,men,2025,36
sr:competitor:943619,158,355,4,25,ATP,men,2025,36
sr:competitor:309954,159,355,2,25,ATP,men,2025,36
sr:competitor:604238,160,345,3,30,ATP,men,2025,36
sr:competitor:739649,161,344,-4,22,ATP,men,2025,36
sr:competitor:268553,162,341,-3,22,ATP,men,2025,36
sr:competitor:121668,163,340,1,21,ATP,men,2025,36
sr:competitor:382058,164,330,2,19,ATP,men,2025,36
sr:competitor:153826,165,329,26,26,ATP,men,2025,36
sr:competitor:48632,166,328,1,21,ATP,men,2025,36
sr:competitor:682913,167,323,1,28,ATP,men,2025,36
sr:competitor:17080,168,322,1,31,ATP,men,2025,36
sr:competitor:47603,169,320,1,25,ATP,men,2025,36
sr:competitor:673479,170,318,1,23,ATP,men,2025,36
sr:competitor:130436,171,317,-6,24,ATP,men,2025,36
sr:competitor:226124,172,315,1,26,ATP,men,2025,36
sr:competitor:449767,173,315,1,30,ATP,men,2025,36
sr:competitor:57703,174,309,1,9,ATP,men,2025,36
sr:competitor:539343,175,309,1,21,ATP,men,2025,36
sr:competitor:675175,176,306,1,30,ATP,men,2025,36
sr:competitor:187689,177,306,2,28,ATP,men,2025,36
sr:competitor:49417,178,305,2,27,ATP,men,2025,36
sr:competitor:206879,179,305,-19,26,ATP,men,2025,36
sr:competitor:652092,180,303,-8,26,ATP,men,2025,36
sr:competitor:477182,181,302,0,21,ATP,men,2025,36
sr:competitor:14414,182,301,0,16,ATP,men,2025,36
sr:competitor:38517,183,301,0,27,ATP,men,2025,36
sr:competitor:213170,184,295,0,23,ATP,men,2025,36
sr:competitor:81271,185,293,0,29,ATP,men,2025,36
sr:competitor:52276,186,292,0,21,ATP,men,2025,36
sr:competitor:342826,187,289,0,21,ATP,men,2025,36
sr:competitor:107357,188,288,0,29,ATP,men,2025,36
sr:competitor:234046,189,288,0,21,ATP,men,2025,36
sr:competitor:75813,190,285,0,20,ATP,men,2025,36
sr:competitor:286541,191,282,1,29,ATP,men,2025,36
sr:competitor:276685,192,282,1,27,ATP,men,2025,36
sr:competitor:54955,193,281,1,31,ATP,men,2025,36
sr:competitor:220588,194,279,1,29,ATP,men,2025,36
sr:competitor:39726,195,275,3,12,ATP,men,2025,36
sr:competitor:266711,196,274,3,18,ATP,men,2025,36
sr:competitor:893391,197,273,3,23,ATP,men,2025,36
sr:competitor:247607,198,273,3,21,ATP,men,2025,36
sr:competitor:62790,199,272,3,24,ATP,men,2025,36
sr:competitor:108767,200,270,3,30,ATP,men,2025,36
sr:competitor:116616,201,270,3,32,ATP,men,2025,36
sr:competitor:79467,202,269,3,26,ATP,men,2025,36
sr:competitor:146040,203,268,3,22,ATP,men,2025,36
sr:competitor:658475,204,267,3,27,ATP,men,2025,36
sr:competitor:506300,205,263,5,34,ATP,men,2025,36
sr:competitor:679701,206,262,2,26,ATP,men,2025,36
sr:competitor:185434,207,260,4,38,ATP,men,2025,36
sr:competitor:36300,208,259,4,21,ATP,men,2025,36
sr:competitor:124916,209,258,4,16,ATP,men,2025,36
sr:competitor:917921,210,257,6,23,ATP,men,2025,36
sr:competitor:200261,211,256,-33,11,ATP,men,2025,36
sr:competitor:172482,212,256,5,31,ATP,men,2025,36
sr:competitor:289105,213,255,5,25,ATP,men,2025,36
sr:competitor:113905,214,255,5,12,ATP,men,2025,36
sr:competitor:382056,215,254,5,17,ATP,men,2025,36
sr:competitor:158912,216,253,5,18,ATP,men,2025,36
sr:competitor:100069,217,253,5,23,ATP,men,2025,36
sr:competitor:58369,218,252,6,22,ATP,men,2025,36
sr:competitor:251091,219,252,-23,29,ATP,men,2025,36
sr:competitor:861511,220,251,3,30,ATP,men,2025,36
sr:competitor:283759,221,251,4,34,ATP,men,2025,36
sr:competitor:603104,222,250,-25,17,ATP,men,2025,36
sr:competitor:250231,223,250,-14,21,ATP,men,2025,36
sr:competitor:809324,224,250,2,28,ATP,men,2025,36
sr:competitor:46390,225,247,2,21,ATP,men,2025,36
sr:competitor:496346,226,245,-12,20,ATP,men,2025,36
sr:competitor:145112,227,244,1,15,ATP,men,2025,36
sr:competitor:517028,228,244,1,25,ATP,men,2025,36
sr:competitor:240264,229,244,1,30,ATP,men,2025,36
sr:competitor:240876,230,241,2,23,ATP,men,2025,36
sr:competitor:83661,231,241,2,24,ATP,men,2025,36
sr:competitor:565070,232,240,-1,25,ATP,men,2025,36
sr:competitor:63090,233,239,1,18,ATP,men,2025,36
sr:competitor:16683,234,236,2,23,ATP,men,2025,36
sr:competitor:603098,235,235,2,11,ATP,men,2025,36
sr:competitor:686709,236,235,2,24,ATP,men,2025,36
sr:competitor:50901,237,235,2,26,ATP,men,2025,36
sr:competitor:163438,238,234,-23,20,ATP,men,2025,36
sr:competitor:43761,239,233,2,28,ATP,men,2025,36
sr:competitor:91240,240,232,2,26,ATP,men,2025,36
sr:competitor:96239,241,232,-1,27,ATP,men,2025,36
sr:competitor:225052,242,228,1,26,ATP,men,2025,36
sr:competitor:389114,243,227,5,29,ATP,men,2025,36
sr:competitor:71280,244,225,1,7,ATP,men,2025,36
sr:competitor:353550,245,224,1,19,ATP,men,2025,36
sr:competitor:138528,246,223,-2,29,ATP,men,2025,36
sr:competitor:801374,247,223,10,30,ATP,men,2025,36
sr:competitor:915153,248,222,20,25,ATP,men,2025,36
sr:competitor:809320,249,222,-14,26,ATP,men,2025,36
sr:competitor:834054,250,220,-1,28,ATP,men,2025,36
sr:competitor:152898,251,220,-1,29,ATP,men,2025,36
sr:competitor:622876,252,220,-1,30,ATP,men,2025,36
sr:competitor:251029,253,219,1,22,ATP,men,2025,36
sr:competitor:60502,254,218,1,16,ATP,men,2025,36
sr:competitor:66484,255,218,7,27,ATP,men,2025,36
sr:competitor:371476,256,214,0,13,ATP,men,2025,36
sr:competitor:145130,257,213,105,14,ATP,men,2025,36
sr:competitor:226132,258,211,0,24,ATP,men,2025,36
sr:competitor:169486,259,210,0,30,ATP,men,2025,36
sr:competitor:298122,260,209,0,16,ATP,men,2025,36
sr:competitor:50139,261,209,0,19,ATP,men,2025,36
sr:competitor:938667,262,206,51,28,ATP,men,2025,36
sr:competitor:51009,263,204,0,25,ATP,men,2025,36
sr:competitor:847592,264,204,0,30,ATP,men,2025,36
sr:competitor:350752,265,203,0,29,ATP,men,2025,36
sr:competitor:195458,266,201,20,31,ATP,men,2025,36
sr:competitor:279295,267,201,0,37,ATP,men,2025,36
sr:competitor:620338,268,200,8,22,ATP,men,2025,36
sr:competitor:82133,269,200,1,31,ATP,men,2025,36
sr:competitor:229024,270,199,4,29,ATP,men,2025,36
sr:competitor:145122,271,199,2,29,ATP,men,2025,36
sr:competitor:305776,272,199,-19,30,ATP,men,2025,36
sr:competitor:76515,273,198,-21,30,ATP,men,2025,36
sr:competitor:55745,274,196,-2,25,ATP,men,2025,36
sr:competitor:163996,275,195,-4,24,ATP,men,2025,36
sr:competitor:141882,276,194,1,30,ATP,men,2025,36
sr:competitor:345576,277,192,1,23,ATP,men,2025,36
sr:competitor:132558,278,191,12,31,ATP,men,2025,36
sr:competitor:44549,279,190,5,18,ATP,men,2025,36
sr:competitor:603420,280,189,0,26,ATP,men,2025,36
sr:competitor:373348,281,189,-6,26,ATP,men,2025,36
sr:competitor:224024,282,188,-16,26,ATP,men,2025,36
sr:competitor:240916,283,188,-2,27,ATP,men,2025,36
sr:competitor:56017,284,186,30,10,ATP,men,2025,36
sr:competitor:720613,285,185,-3,21,ATP,men,2025,36
sr:competitor:880089,286,185,-3,38,ATP,men,2025,36
sr:competitor:530317,287,184,-2,26,ATP,men,2025,36
sr:competitor:243522,288,182,5,22,ATP,men,2025,36
sr:competitor:215492,289,179,-2,28,ATP,men,2025,36
sr:competitor:16822,290,178,1,19,ATP,men,2025,36
sr:competitor:199196,291,177,6,30,ATP,men,2025,36
sr:competitor:763106,292,176,3,25,ATP,men,2025,36
sr:competitor:131566,293,175,6,26,ATP,men,2025,36
sr:competitor:218538,294,172,-47,18,ATP,men,2025,36
sr:competitor:205773,295,172,3,25,ATP,men,2025,36
sr:competitor:48626,296,172,44,34,ATP,men,2025,36
sr:competitor:679699,297,172,18,35,ATP,men,2025,36
sr:competitor:25683,298,171,-29,22,ATP,men,2025,36
sr:competitor:228372,299,170,-7,22,ATP,men,2025,36
sr:competitor:325737,300,170,2,24,ATP,men,2025,36
sr:competitor:603820,301,168,-13,22,ATP,men,2025,36
sr:competitor:540271,302,168,-2,26,ATP,men,2025,36
sr:competitor:66086,303,167,-2,22,ATP,men,2025,36
sr:competitor:686911,304,167,-25,28,ATP,men,2025,36
sr:competitor:303862,305,165,-2,33,ATP,men,2025,36
sr:competitor:508498,306,164,-2,16,ATP,men,2025,36
sr:competitor:15858,307,164,-2,27,ATP,men,2025,36
sr:competitor:95801,308,163,-2,5,ATP,men,2025,36
sr:competitor:152864,309,163,-2,26,ATP,men,2025,36
sr:competitor:126402,310,163,-2,28,ATP,men,2025,36
sr:competitor:103625,311,163,-2,34,ATP,men,2025,36
sr:competitor:269523,312,162,-2,22,ATP,men,2025,36
sr:competitor:414501,313,162,-2,22,ATP,men,2025,36
sr:competitor:101157,314,162,-2,24,ATP,men,2025,36
sr:competitor:515478,315,160,2,22,ATP,men,2025,36
sr:competitor:745797,316,160,-27,23,ATP,men,2025,36
sr:competitor:50847,317,160,1,33,ATP,men,2025,36
sr:competitor:72248,318,159,1,17,ATP,men,2025,36
sr:competitor:242548,319,159,44,24,ATP,men,2025,36
sr:competitor:49663,320,158,1,32,ATP,men,2025,36
sr:competitor:807574,321,157,1,8,ATP,men,2025,36
sr:competitor:768772,322,157,1,26,ATP,men,2025,36
sr:competitor:52462,323,157,-3,26,ATP,men,2025,36
sr:competitor:328985,324,157,0,27,ATP,men,2025,36
sr:competitor:947875,325,156,-9,25,ATP,men,2025,36
sr:competitor:104967,326,156,-1,6,ATP,men,2025,36
sr:competitor:131442,327,156,-1,10,ATP,men,2025,36
sr:competitor:515510,328,155,-1,14,ATP,men,2025,36
sr:competitor:51309,329,154,1,18,ATP,men,2025,36
sr:competitor:310968,330,154,2,36,ATP,men,2025,36
sr:competitor:149100,331,151,-37,22,ATP,men,2025,36
sr:competitor:56361,332,151,-3,27,ATP,men,2025,36
sr:competitor:434058,333,151,3,31,ATP,men,2025,36
sr:competitor:48225,334,150,0,30,ATP,men,2025,36
sr:competitor:262679,335,149,2,23,ATP,men,2025,36
sr:competitor:52057,336,148,-40,22,ATP,men,2025,36
sr:competitor:369630,337,148,-2,23,ATP,men,2025,36
sr:competitor:168420,338,148,0,26,ATP,men,2025,36
sr:competitor:1034817,339,147,0,29,ATP,men,2025,36
sr:competitor:722431,340,146,2,25,ATP,men,2025,36
sr:competitor:870877,341,146,39,27,ATP,men,2025,36
sr:competitor:157394,342,146,10,30,ATP,men,2025,36
sr:competitor:224936,343,145,0,21,ATP,men,2025,36
sr:competitor:52069,344,143,1,20,ATP,men,2025,36
sr:competitor:791648,345,143,1,24,ATP,men,2025,36
sr:competitor:280449,346,143,36,28,ATP,men,2025,36
sr:competitor:233184,347,142,1,24,ATP,men,2025,36
sr:competitor:373852,348,142,-20,26,ATP,men,2025,36
sr:competitor:134602,349,141,0,26,ATP,men,2025,36
sr:competitor:145108,350,141,0,30,ATP,men,2025,36
sr:competitor:428657,351,141,0,31,ATP,men,2025,36
sr:competitor:655825,352,140,-5,22,ATP,men,2025,36
sr:competitor:157808,353,139,0,9,ATP,men,2025,36
sr:competitor:24415,354,139,-13,21,ATP,men,2025,36
sr:competitor:580167,355,138,31,21,ATP,men,2025,36
sr:competitor:457059,356,138,4,27,ATP,men,2025,36
sr:competitor:628218,357,138,7,27,ATP,men,2025,36
sr:competitor:275393,358,138,-4,28,ATP,men,2025,36
sr:competitor:135778,359,138,-1,31,ATP,men,2025,36
sr:competitor:103313,360,137,6,27,ATP,men,2025,36
sr:competitor:371448,361,136,-6,13,ATP,men,2025,36
sr:competitor:972327,362,136,33,10,ATP,men,2025,36
sr:competitor:57759,363,136,-7,15,ATP,men,2025,36
sr:competitor:873695,364,136,45,18,ATP,men,2025,36
sr:competitor:299818,365,136,-32,20,ATP,men,2025,36
sr:competitor:423131,366,136,-9,26,ATP,men,2025,36
sr:competitor:663757,367,136,1,32,ATP,men,2025,36
sr:competitor:305558,368,135,32,26,ATP,men,2025,36
sr:competitor:265559,369,135,-8,29,ATP,men,2025,36
sr:competitor:787144,370,135,23,30,ATP,men,2025,36
sr:competitor:221538,371,133,-6,21,ATP,men,2025,36
sr:competitor:32466,372,133,0,23,ATP,men,2025,36
sr:competitor:85877,373,133,-6,28,ATP,men,2025,36
sr:competitor:67154,374,132,-5,18,ATP,men,2025,36
sr:competitor:119140,375,132,-5,18,ATP,men,2025,36
sr:competitor:83211,376,132,-5,20,ATP,men,2025,36
sr:competitor:123694,377,132,-4,25,ATP,men,2025,36
sr:competitor:494844,378,132,-4,37,ATP,men,2025,36
sr:competitor:774476,379,131,-20,12,ATP,men,2025,36
sr:competitor:22956,380,130,-5,19,ATP,men,2025,36
sr:competitor:461029,381,130,-5,26,ATP,men,2025,36
sr:competitor:863263,382,130,-1,27,ATP,men,2025,36
sr:competitor:341188,383,130,-39,27,ATP,men,2025,36
sr:competitor:871807,384,129,19,23,ATP,men,2025,36
sr:competitor:301896,385,129,-7,23,ATP,men,2025,36
sr:competitor:231192,386,129,-7,26,ATP,men,2025,36
sr:competitor:812472,387,128,-10,5,ATP,men,2025,36
sr:competitor:336423,388,128,-5,30,ATP,men,2025,36
sr:competitor:402317,389,127,23,15,ATP,men,2025,36
sr:competitor:450343,390,127,-6,22,ATP,men,2025,36
sr:competitor:229022,391,127,44,25,ATP,men,2025,36
sr:competitor:66002,392,126,-7,20,ATP,men,2025,36
sr:competitor:321665,393,126,28,21,ATP,men,2025,36
sr:competitor:230468,394,125,-7,18,ATP,men,2025,36
sr:competitor:46259,395,125,1,22,ATP,men,2025,36
sr:competitor:210502,396,125,-8,23,ATP,men,2025,36
sr:competitor:51100,397,125,-8,23,ATP,men,2025,36
sr:competitor:780796,398,124,-7,25,ATP,men,2025,36
sr:competitor:920395,399,124,-7,27,ATP,men,2025,36
sr:competitor:44547,400,122,-6,20,ATP,men,2025,36
sr:competitor:38180,401,121,-4,24,ATP,men,2025,36
sr:competitor:197674,402,121,9,27,ATP,men,2025,36
sr:competitor:65606,403,121,30,28,ATP,men,2025,36
sr:competitor:312088,404,121,-6,33,ATP,men,2025,36
sr:competitor:177686,405,119,-3,22,ATP,men,2025,36
sr:competitor:220932,406,119,-2,23,ATP,men,2025,36
sr:competitor:175070,407,119,-8,24,ATP,men,2025,36
sr:competitor:287541,408,119,31,28,ATP,men,2025,36
sr:competitor:783794,409,119,-8,29,ATP,men,2025,36
sr:competitor:108565,410,117,-5,18,ATP,men,2025,36
sr:competitor:675129,411,116,31,18,ATP,men,2025,36
sr:competitor:55787,412,116,-6,26,ATP,men,2025,36
sr:competitor:652290,413,116,-23,26,ATP,men,2025,36
sr:competitor:617530,414,116,-6,28,ATP,men,2025,36
sr:competitor:723013,415,116,-8,29,ATP,men,2025,36
sr:competitor:873679,416,115,-2,30,ATP,men,2025,36
sr:competitor:59304,417,114,-4,24,ATP,men,2025,36
sr:competitor:99377,418,113,-3,21,ATP,men,2025,36
sr:competitor:422993,419,113,-3,24,ATP,men,2025,36
sr:competitor:196440,420,113,-2,31,ATP,men,2025,36
sr:competitor:207777,421,112,-11,23,ATP,men,2025,36
sr:competitor:214824,422,112,-5,23,ATP,men,2025,36
sr:competitor:177644,423,111,-1,23,ATP,men,2025,36
sr:competitor:251025,424,111,-5,28,ATP,men,2025,36
sr:competitor:216502,425,110,0,24,ATP,men,2025,36
sr:competitor:65382,426,109,-6,13,ATP,men,2025,36
sr:competitor:948185,427,107,-3,19,ATP,men,2025,36
sr:competitor:269571,428,107,9,20,ATP,men,2025,36
sr:competitor:499100,429,107,-2,26,ATP,men,2025,36
sr:competitor:685469,430,106,-2,14,ATP,men,2025,36
sr:competitor:51345,431,106,-2,19,ATP,men,2025,36
sr:competitor:106153,432,106,-2,22,ATP,men,2025,36
sr:competitor:588075,433,106,8,30,ATP,men,2025,36
sr:competitor:156826,434,105,-2,24,ATP,men,2025,36
sr:competitor:603096,435,104,1,8,ATP,men,2025,36
sr:competitor:508496,436,104,2,24,ATP,men,2025,36
sr:competitor:574371,437,104,-106,29,ATP,men,2025,36
sr:competitor:303808,438,104,2,30,ATP,men,2025,36
sr:competitor:80665,439,103,5,20,ATP,men,2025,36
sr:competitor:65576,440,103,3,21,ATP,men,2025,36
sr:competitor:897995,441,103,-7,22,ATP,men,2025,36
sr:competitor:312728,442,101,5,23,ATP,men,2025,36
sr:competitor:57155,443,100,25,21,ATP,men,2025,36
sr:competitor:341218,444,100,1,23,ATP,men,2025,36
sr:competitor:240320,445,100,9,24,ATP,men,2025,36
sr:competitor:71660,446,99,0,9,ATP,men,2025,36
sr:competitor:23670,447,99,213,8,ATP,men,2025,36
sr:competitor:763110,448,99,-25,19,ATP,men,2025,36
sr:competitor:915951,449,99,-1,24,ATP,men,2025,36
sr:competitor:77007,450,97,1,12,ATP,men,2025,36
sr:competitor:54975,451,97,1,17,ATP,men,2025,36
sr:competitor:286367,452,97,-2,23,ATP,men,2025,36
sr:competitor:283451,453,97,2,24,ATP,men,2025,36
sr:competitor:660427,454,96,82,15,ATP,men,2025,36
sr:competitor:787154,455,96,1,23,ATP,men,2025,36
sr:competitor:245779,456,95,1,28,ATP,men,2025,36
sr:competitor:675527,457,95,1,14,ATP,men,2025,36
sr:competitor:155684,458,95,17,20,ATP,men,2025,36
sr:competitor:79223,459,94,2,33,ATP,men,2025,36
sr:competitor:129368,460,93,2,8,ATP,men,2025,36
sr:competitor:353548,461,93,2,25,ATP,men,2025,36
sr:competitor:38183,462,92,3,8,ATP,men,2025,36
sr:competitor:637536,463,92,3,13,ATP,men,2025,36
sr:competitor:117866,464,92,8,24,ATP,men,2025,36
sr:competitor:272281,465,92,-39,24,ATP,men,2025,36
sr:competitor:280601,466,92,-35,24,ATP,men,2025,36
sr:competitor:312438,467,91,-18,15,ATP,men,2025,36
sr:competitor:291272,468,91,20,23,ATP,men,2025,36
sr:competitor:379918,469,91,-5,28,ATP,men,2025,36
sr:competitor:319243,470,90,6,21,ATP,men,2025,36
sr:competitor:634350,471,90,-2,24,ATP,men,2025,36
sr:competitor:790404,472,90,-2,26,ATP,men,2025,36
sr:competitor:387066,473,89,26,17,ATP,men,2025,36
sr:competitor:186629,474,89,-21,20,ATP,men,2025,36
sr:competitor:437734,475,89,-8,25,ATP,men,2025,36
sr:competitor:729741,476,89,-5,26,ATP,men,2025,36
sr:competitor:364924,477,89,-4,30,ATP,men,2025,36
sr:competitor:310978,478,88,1,26,ATP,men,2025,36
sr:competitor:269535,479,88,6,26,ATP,men,2025,36
sr:competitor:750283,480,88,-6,28,ATP,men,2025,36
sr:competitor:381022,481,88,1,28,ATP,men,2025,36
sr:competitor:681005,482,87,-4,24,ATP,men,2025,36
sr:competitor:208165,483,87,-2,28,ATP,men,2025,36
sr:competitor:345058,484,87,51,33,ATP,men,2025,36
sr:competitor:813476,485,86,-26,21,ATP,men,2025,36
sr:competitor:92667,486,86,-2,25,ATP,men,2025,36
sr:competitor:435758,487,86,-7,26,ATP,men,2025,36
sr:competitor:47767,488,85,-5,22,ATP,men,2025,36
sr:competitor:452691,489,85,7,26,ATP,men,2025,36
sr:competitor:412829,490,85,-3,27,ATP,men,2025,36
sr:competitor:505466,491,84,56,14,ATP,men,2025,36
sr:competitor:861461,492,84,-3,22,ATP,men,2025,36
sr:competitor:111857,493,84,-3,25,ATP,men,2025,36
sr:competitor:598418,494,83,-2,10,ATP,men,2025,36
sr:competitor:498580,495,83,-18,19,ATP,men,2025,36
sr:competitor:450291,496,83,22,23,ATP,men,2025,36
sr:competitor:378320,497,83,17,26,ATP,men,2025,36
sr:competitor:74441,498,82,-3,16,ATP,men,2025,36
sr:competitor:404811,499,82,104,18,ATP,men,2025,36
sr:competitor:441534,500,82,-14,24,ATP,men,2025,36
sr:competitor:157754,1,11225,0,18,WTA,women,2025,35
sr:competitor:274013,2,7933,0,16,WTA,women,2025,35
sr:competitor:373352,3,7874,0,19,WTA,women,2025,35
sr:competitor:44834,4,4903,0,22,WTA,women,2025,35
sr:competitor:871583,5,4733,0,19,WTA,women,2025,35
sr:competitor:35424,6,4699,0,19,WTA,women,2025,35
sr:competitor:348760,7,4433,0,18,WTA,women,2025,35
sr:competitor:69208,8,4116,0,19,WTA,women,2025,35
sr:competitor:281189,9,3869,0,21,WTA,women,2025,35
sr:competitor:186312,10,3663,0,21,WTA,women,2025,35
sr:competitor:228418,11,2960,0,26,WTA,women,2025,35
sr:competitor:67759,12,2916,2,25,WTA,women,2025,35
sr:competitor:85077,13,2838,-1,16,WTA,women,2025,35
sr:competitor:329535,14,2781,1,24,WTA,women,2025,35
sr:competitor:51293,15,2726,-2,15,WTA,women,2025,35
sr:competitor:133662,16,2564,0,21,WTA,women,2025,35
sr:competitor:588071,17,2476,5,27,WTA,women,2025,35
sr:competitor:132370,18,2361,-1,25,WTA,women,2025,35
sr:competitor:63957,19,2265,-1,18,WTA,women,2025,35
sr:competitor:128584,20,2219,-1,23,WTA,women,2025,35
sr:competitor:78551,21,2129,0,23,WTA,women,2025,35
sr:competitor:59702,22,1921,-2,26,WTA,women,2025,35
sr:competitor:813176,23,1834,1,23,WTA,women,2025,35
sr:competitor:66476,24,1779,1,16,WTA,women,2025,35
sr:competitor:66968,25,1763,1,25,WTA,women,2025,35
sr:competitor:64496,26,1720,1,21,WTA,women,2025,35
sr:competitor:91960,27,1708,1,25,WTA,women,2025,35
sr:competitor:278887,28,1656,1,21,WTA,women,2025,35
sr:competitor:179146,29,1582,2,22,WTA,women,2025,35
sr:competitor:289507,30,1564,3,26,WTA,women,2025,35
sr:competitor:192108,31,1559,1,23,WTA,women,2025,35
sr:competitor:401055,32,1550,-9,21,WTA,women,2025,35
sr:competitor:71250,33,1528,-3,26,WTA,women,2025,35
sr:competitor:272217,34,1466,3,26,WTA,women,2025,35
sr:competitor:71034,35,1440,3,28,WTA,women,2025,35
sr:competitor:352782,36,1426,-1,20,WTA,women,2025,35
sr:competitor:42289,37,1404,-1,25,WTA,women,2025,35
sr:competitor:549759,38,1374,1,23,WTA,women,2025,35
sr:competitor:211262,39,1320,2,20,WTA,women,2025,35
sr:competitor:405057,40,1316,0,24,WTA,women,2025,35
sr:competitor:287769,41,1310,-7,26,WTA,women,2025,35
sr:competitor:19520,42,1307,1,36,WTA,women,2025,35
sr:competitor:776340,43,1301,-1,31,WTA,women,2025,35
sr:competitor:105463,44,1287,9,25,WTA,women,2025,35
sr:competitor:19546,45,1245,-1,16,WTA,women,2025,35
sr:competitor:466689,46,1219,0,15,WTA,women,2025,35
sr:competitor:319455,47,1181,2,27,WTA,women,2025,35
sr:competitor:62924,48,1168,0,23,WTA,women,2025,35
sr:competitor:50641,49,1162,6,22,WTA,women,2025,35
sr:competitor:72758,50,1161,0,26,WTA,women,2025,35
sr:competitor:459013,51,1157,0,22,WTA,women,2025,35
sr:competitor:37508,52,1156,0,23,WTA,women,2025,35
sr:competitor:234150,53,1136,-8,22,WTA,women,2025,35
sr:competitor:360038,54,1127,-7,23,WTA,women,2025,35
sr:competitor:45545,55,1125,-1,26,WTA,women,2025,35
sr:competitor:256547,56,1080,15,34,WTA,women,2025,35
sr:competitor:110055,57,1068,-1,28,WTA,women,2025,35
sr:competitor:261583,58,1054,11,28,WTA,women,2025,35
sr:competitor:246941,59,1049,1,21,WTA,women,2025,35
sr:competitor:152804,60,1013,-2,11,WTA,women,2025,35
sr:competitor:58515,61,997,-2,18,WTA,women,2025,35
sr:competitor:60398,62,984,-1,13,WTA,women,2025,35
sr:competitor:242630,63,979,-6,22,WTA,women,2025,35
sr:competitor:65950,64,971,-2,23,WTA,women,2025,35
sr:competitor:252223,65,966,3,32,WTA,women,2025,35
sr:competitor:210716,66,966,-3,31,WTA,women,2025,35
sr:competitor:467037,67,963,-3,30,WTA,women,2025,35
sr:competitor:225130,68,941,-2,30,WTA,women,2025,35
sr:competitor:577513,69,940,20,29,WTA,women,2025,35
sr:competitor:103901,70,939,-3,21,WTA,women,2025,35
sr:competitor:19728,71,928,41,18,WTA,women,2025,35
sr:competitor:48455,72,915,5,23,WTA,women,2025,35
sr:competitor:914135,73,914,3,20,WTA,women,2025,35
sr:competitor:504238,74,911,1,22,WTA,women,2025,35
sr:competitor:627278,75,904,-5,28,WTA,women,2025,35
sr:competitor:72376,76,900,-11,26,WTA,women,2025,35
sr:competitor:55401,77,893,-5,17,WTA,women,2025,35
sr:competitor:123824,78,887,-4,25,WTA,women,2025,35
sr:competitor:34486,79,886,5,26,WTA,women,2025,35
sr:competitor:192130,80,878,-2,30,WTA,women,2025,35
sr:competitor:299310,81,874,-2,26,WTA,women,2025,35
sr:competitor:111189,82,871,-9,31,WTA,women,2025,35
sr:competitor:105099,83,871,-3,30,WTA,women,2025,35
sr:competitor:208105,84,871,-3,28,WTA,women,2025,35
sr:competitor:373354,85,870,2,26,WTA,women,2025,35
sr:competitor:499098,86,864,-4,30,WTA,women,2025,35
sr:competitor:90814,87,863,-2,25,WTA,women,2025,35
sr:competitor:246905,88,861,-5,26,WTA,women,2025,35
sr:competitor:198488,89,837,-3,24,WTA,women,2025,35
sr:competitor:341112,90,831,10,33,WTA,women,2025,35
sr:competitor:406199,91,823,7,39,WTA,women,2025,35
sr:competitor:35838,92,819,-2,18,WTA,women,2025,35
sr:competitor:112957,93,814,-2,35,WTA,women,2025,35
sr:competitor:335171,94,807,-2,30,WTA,women,2025,35
sr:competitor:99131,95,795,-2,27,WTA,women,2025,35
sr:competitor:728549,96,793,-2,16,WTA,women,2025,35
sr:competitor:150574,97,779,-1,31,WTA,women,2025,35
sr:competitor:41374,98,763,-1,28,WTA,women,2025,35
sr:competitor:97995,99,736,2,28,WTA,women,2025,35
sr:competitor:41877,100,735,-12,27,WTA,women,2025,35
sr:competitor:242602,101,735,2,20,WTA,women,2025,35
sr:competitor:88310,102,734,2,27,WTA,women,2025,35
sr:competitor:366114,103,733,-8,21,WTA,women,2025,35
sr:competitor:762762,104,729,1,30,WTA,women,2025,35
sr:competitor:534045,105,722,2,31,WTA,women,2025,35
sr:competitor:110803,106,719,-7,23,WTA,women,2025,35
sr:competitor:318195,107,704,-1,23,WTA,women,2025,35
sr:competitor:124804,108,686,1,25,WTA,women,2025,35
sr:competitor:343160,109,684,-1,26,WTA,women,2025,35
sr:competitor:67757,110,665,0,25,WTA,women,2025,35
sr:competitor:741433,111,664,0,19,WTA,women,2025,35
sr:competitor:755469,112,660,1,23,WTA,women,2025,35
sr:competitor:19607,113,652,1,19,WTA,women,2025,35
sr:competitor:790640,114,641,1,23,WTA,women,2025,35
sr:competitor:568715,115,630,1,35,WTA,women,2025,35
sr:competitor:113079,116,628,1,31,WTA,women,2025,35
sr:competitor:26120,117,622,2,27,WTA,women,2025,35
sr:competitor:42492,118,622,2,28,WTA,women,2025,35
sr:competitor:45902,119,610,2,22,WTA,women,2025,35
sr:competitor:300496,120,602,3,22,WTA,women,2025,35
sr:competitor:286435,121,602,3,25,WTA,women,2025,35
sr:competitor:18919,122,588,3,37,WTA,women,2025,35
sr:competitor:297588,123,588,3,33,WTA,women,2025,35
sr:competitor:245295,124,583,3,26,WTA,women,2025,35
sr:competitor:141892,125,582,-7,30,WTA,women,2025,35
sr:competitor:87834,126,578,2,28,WTA,women,2025,35
sr:competitor:63220,127,577,2,25,WTA,women,2025,35
sr:competitor:138452,128,576,2,24,WTA,women,2025,35
sr:competitor:315609,129,575,2,35,WTA,women,2025,35
sr:competitor:675191,130,561,2,29,WTA,women,2025,35
sr:competitor:19847,131,560,-9,31,WTA,women,2025,35
sr:competitor:19017,132,556,1,13,WTA,women,2025,35
sr:competitor:49171,133,556,2,29,WTA,women,2025,35
sr:competitor:254551,134,546,0,29,WTA,women,2025,35
sr:competitor:90664,135,542,1,19,WTA,women,2025,35
sr:competitor:280657,136,542,1,22,WTA,women,2025,35
sr:competitor:260987,137,522,2,30,WTA,women,2025,35
sr:competitor:369524,138,517,2,27,WTA,women,2025,35
sr:competitor:51387,139,505,4,14,WTA,women,2025,35
sr:competitor:58053,140,502,4,33,WTA,women,2025,35
sr:competitor:99405,141,497,4,26,WTA,women,2025,35
sr:competitor:150130,142,490,4,24,WTA,women,2025,35
sr:competitor:60392,143,485,-2,15,WTA,women,2025,35
sr:competitor:172590,144,485,4,31,WTA,women,2025,35
sr:competitor:155890,145,484,4,29,WTA,women,2025,35
sr:competitor:784280,146,481,4,21,WTA,women,2025,35
sr:competitor:262759,147,480,-9,20,WTA,women,2025,35
sr:competitor:110299,148,480,3,22,WTA,women,2025,35
sr:competitor:460837,149,480,-2,20,WTA,women,2025,35
sr:competitor:526975,150,479,2,24,WTA,women,2025,35
sr:competitor:71484,151,477,2,33,WTA,women,2025,35
sr:competitor:92442,152,465,2,22,WTA,women,2025,35
sr:competitor:69988,153,460,2,31,WTA,women,2025,35
sr:competitor:604388,154,460,2,25,WTA,women,2025,35
sr:competitor:40994,155,458,2,19,WTA,women,2025,35
sr:competitor:120666,156,457,2,21,WTA,women,2025,35
sr:competitor:82307,157,457,2,34,WTA,women,2025,35
sr:competitor:595220,158,457,2,24,WTA,women,2025,35
sr:competitor:41404,159,449,2,22,WTA,women,2025,35
sr:competitor:662615,160,449,2,20,WTA,women,2025,35
sr:competitor:205633,161,446,2,13,WTA,women,2025,35
sr:competitor:801414,162,438,2,27,WTA,women,2025,35
sr:competitor:445421,163,437,3,21,WTA,women,2025,35
sr:competitor:202363,164,435,-62,25,WTA,women,2025,35
sr:competitor:227390,165,433,2,23,WTA,women,2025,35
sr:competitor:190882,166,431,2,22,WTA,women,2025,35
sr:competitor:771430,167,431,2,24,WTA,women,2025,35
sr:competitor:501894,168,424,2,15,WTA,women,2025,35
sr:competitor:92879,169,414,2,24,WTA,women,2025,35
sr:competitor:52025,170,411,32,8,WTA,women,2025,35
sr:competitor:380704,171,409,1,25,WTA,women,2025,35
sr:competitor:662273,172,407,-30,23,WTA,women,2025,35
sr:competitor:217912,173,406,0,12,WTA,women,2025,35
sr:competitor:42339,174,406,0,10,WTA,women,2025,35
sr:competitor:337813,175,405,0,25,WTA,women,2025,35
sr:competitor:720625,176,404,0,27,WTA,women,2025,35
sr:competitor:235260,177,402,0,22,WTA,women,2025,35
sr:competitor:789688,178,399,1,21,WTA,women,2025,35
sr:competitor:874195,179,399,1,25,WTA,women,2025,35
sr:competitor:206949,180,398,1,29,WTA,women,2025,35
sr:competitor:675193,181,397,1,25,WTA,women,2025,35
sr:competitor:59662,182,396,-4,28,WTA,women,2025,35
sr:competitor:195048,183,395,0,24,WTA,women,2025,35
sr:competitor:255031,184,391,0,21,WTA,women,2025,35
sr:competitor:499484,185,391,0,15,WTA,women,2025,35
sr:competitor:72450,186,390,0,29,WTA,women,2025,35
sr:competitor:160190,187,387,0,29,WTA,women,2025,35
sr:competitor:501140,188,387,0,17,WTA,women,2025,35
sr:competitor:433758,189,385,0,23,WTA,women,2025,35
sr:competitor:208017,190,384,2,28,WTA,women,2025,35
sr:competitor:467035,191,383,2,24,WTA,women,2025,35
sr:competitor:496372,192,382,2,26,WTA,women,2025,35
sr:competitor:845268,193,381,2,15,WTA,women,2025,35
sr:competitor:341216,194,380,2,31,WTA,women,2025,35
sr:competitor:19704,195,379,-30,18,WTA,women,2025,35
sr:competitor:50655,196,374,1,19,WTA,women,2025,35
sr:competitor:728547,197,374,1,28,WTA,women,2025,35
sr:competitor:978117,198,374,1,16,WTA,women,2025,35
sr:competitor:137932,199,371,1,33,WTA,women,2025,35
sr:competitor:155556,200,370,11,31,WTA,women,2025,35
sr:competitor:282219,201,367,0,25,WTA,women,2025,35
sr:competitor:325729,202,364,-11,23,WTA,women,2025,35
sr:competitor:153652,203,363,0,22,WTA,women,2025,35
sr:competitor:130690,204,361,0,31,WTA,women,2025,35
sr:competitor:64085,205,358,0,32,WTA,women,2025,35
sr:competitor:41372,206,346,1,20,WTA,women,2025,35
sr:competitor:103375,207,343,1,33,WTA,women,2025,35
sr:competitor:79443,208,343,-2,29,WTA,women,2025,35
sr:competitor:245711,209,341,0,33,WTA,women,2025,35
sr:competitor:42839,210,340,0,21,WTA,women,2025,35
sr:competitor:23082,211,329,2,27,WTA,women,2025,35
sr:competitor:807358,212,329,-22,24,WTA,women,2025,35
sr:competitor:453301,213,326,35,27,WTA,women,2025,35
sr:competitor:45139,214,325,3,34,WTA,women,2025,35
sr:competitor:420829,215,325,3,29,WTA,women,2025,35
sr:competitor:256447,216,323,4,24,WTA,women,2025,35
sr:competitor:100341,217,322,4,26,WTA,women,2025,35
sr:competitor:751899,218,321,5,24,WTA,women,2025,35
sr:competitor:210558,219,320,9,29,WTA,women,2025,35
sr:competitor:234398,220,320,4,22,WTA,women,2025,35
sr:competitor:53789,221,318,4,21,WTA,women,2025,35
sr:competitor:48486,222,316,4,25,WTA,women,2025,35
sr:competitor:273017,223,315,4,27,WTA,women,2025,35
sr:competitor:299270,224,314,5,32,WTA,women,2025,35
sr:competitor:122630,225,314,-9,23,WTA,women,2025,35
sr:competitor:896765,226,313,-12,22,WTA,women,2025,35
sr:competitor:676251,227,313,-8,22,WTA,women,2025,35
sr:competitor:132988,228,309,5,30,WTA,women,2025,35
sr:competitor:47969,229,309,5,21,WTA,women,2025,35
sr:competitor:137948,230,308,5,33,WTA,women,2025,35
sr:competitor:799304,231,308,-9,23,WTA,women,2025,35
sr:competitor:978809,232,306,17,18,WTA,women,2025,35
sr:competitor:19788,233,305,5,9,WTA,women,2025,35
sr:competitor:129534,234,305,5,28,WTA,women,2025,35
sr:competitor:215598,235,305,-4,23,WTA,women,2025,35
sr:competitor:46591,236,303,4,35,WTA,women,2025,35
sr:competitor:148276,237,302,5,23,WTA,women,2025,35
sr:competitor:63682,238,300,5,27,WTA,women,2025,35
sr:competitor:54397,239,298,-24,27,WTA,women,2025,35
sr:competitor:96061,240,298,4,26,WTA,women,2025,35
sr:competitor:130624,241,298,4,20,WTA,women,2025,35
sr:competitor:36443,242,297,4,21,WTA,women,2025,35
sr:competitor:51839,243,297,-2,30,WTA,women,2025,35
sr:competitor:329009,244,296,3,25,WTA,women,2025,35
sr:competitor:106341,245,295,5,30,WTA,women,2025,35
sr:competitor:675189,246,294,5,26,WTA,women,2025,35
sr:competitor:98733,247,294,-35,31,WTA,women,2025,35
sr:competitor:805538,248,293,8,31,WTA,women,2025,35
sr:competitor:739667,249,293,3,26,WTA,women,2025,35
sr:competitor:52691,250,291,-20,30,WTA,women,2025,35
sr:competitor:721779,251,291,3,15,WTA,women,2025,35
sr:competitor:289093,252,288,-16,24,WTA,women,2025,35
sr:competitor:380396,253,284,4,30,WTA,women,2025,35
sr:competitor:51651,254,282,4,22,WTA,women,2025,35
sr:competitor:448121,255,282,9,30,WTA,women,2025,35
sr:competitor:586739,256,279,3,27,WTA,women,2025,35
sr:competitor:115507,257,278,3,27,WTA,women,2025,35
sr:competitor:52183,258,277,3,26,WTA,women,2025,35
sr:competitor:624838,259,274,4,29,WTA,women,2025,35
sr:competitor:183861,260,271,14,28,WTA,women,2025,35
sr:competitor:403329,261,269,7,19,WTA,women,2025,35
sr:competitor:1020125,262,268,3,12,WTA,women,2025,35
sr:competitor:230112,263,268,3,38,WTA,women,2025,35
sr:competitor:132412,264,266,-11,30,WTA,women,2025,35
sr:competitor:603102,265,264,2,23,WTA,women,2025,35
sr:competitor:870983,266,263,3,27,WTA,women,2025,35
sr:competitor:165866,267,262,9,24,WTA,women,2025,35
sr:competitor:535801,268,261,2,26,WTA,women,2025,35
sr:competitor:881849,269,261,2,13,WTA,women,2025,35
sr:competitor:628190,270,260,2,30,WTA,women,2025,35
sr:competitor:135192,271,260,2,25,WTA,women,2025,35
sr:competitor:67322,272,259,24,28,WTA,women,2025,35
sr:competitor:378144,273,259,2,32,WTA,women,2025,35
sr:competitor:393654,274,257,-37,17,WTA,women,2025,35
sr:competitor:915129,275,255,2,21,WTA,women,2025,35
sr:competitor:107327,276,254,12,27,WTA,women,2025,35
sr:competitor:356694,277,253,33,20,WTA,women,2025,35
sr:competitor:80535,278,250,9,30,WTA,women,2025,35
sr:competitor:195408,279,250,0,23,WTA,women,2025,35
sr:competitor:92877,280,248,-2,32,WTA,women,2025,35
sr:competitor:849553,281,247,0,29,WTA,women,2025,35
sr:competitor:67743,282,247,0,27,WTA,women,2025,35
sr:competitor:1022815,283,246,1,28,WTA,women,2025,35
sr:competitor:432605,284,245,1,37,WTA,women,2025,35
sr:competitor:153860,285,245,-2,11,WTA,women,2025,35
sr:competitor:181062,286,245,0,34,WTA,women,2025,35
sr:competitor:337811,287,241,-32,20,WTA,women,2025,35
sr:competitor:655811,288,241,1,22,WTA,women,2025,35
sr:competitor:18910,289,240,1,3,WTA,women,2025,35
sr:competitor:19202,290,240,1,12,WTA,women,2025,35
sr:competitor:128638,291,240,1,24,WTA,women,2025,35
sr:competitor:75825,292,239,1,23,WTA,women,2025,35
sr:competitor:731379,293,239,1,27,WTA,women,2025,35
sr:competitor:55309,294,238,1,22,WTA,women,2025,35
sr:competitor:282597,295,238,-15,22,WTA,women,2025,35
sr:competitor:41355,296,237,-64,15,WTA,women,2025,35
sr:competitor:505970,297,235,0,35,WTA,women,2025,35
sr:competitor:343066,298,235,0,23,WTA,women,2025,35
sr:competitor:227486,299,233,0,25,WTA,women,2025,35
sr:competitor:341196,300,233,0,20,WTA,women,2025,35
sr:competitor:750327,301,233,5,21,WTA,women,2025,35
sr:competitor:45584,302,232,1,12,WTA,women,2025,35
sr:competitor:950919,303,232,-2,11,WTA,women,2025,35
sr:competitor:436690,304,232,-2,18,WTA,women,2025,35
sr:competitor:784898,305,228,-1,16,WTA,women,2025,35
sr:competitor:378226,306,228,-1,13,WTA,women,2025,35
sr:competitor:51943,307,225,0,33,WTA,women,2025,35
sr:competitor:208125,308,222,0,20,WTA,women,2025,35
sr:competitor:679319,309,221,0,14,WTA,women,2025,35
sr:competitor:52533,310,221,5,33,WTA,women,2025,35
sr:competitor:225046,311,220,-49,10,WTA,women,2025,35
sr:competitor:134532,312,218,8,26,WTA,women,2025,35
sr:competitor:194690,313,216,-1,33,WTA,women,2025,35
sr:competitor:720629,314,216,12,29,WTA,women,2025,35
sr:competitor:157150,315,213,-1,25,WTA,women,2025,35
sr:competitor:510530,316,213,23,21,WTA,women,2025,35
sr:competitor:118052,317,211,-1,30,WTA,women,2025,35
sr:competitor:189384,318,210,0,27,WTA,women,2025,35
sr:competitor:517296,319,209,5,22,WTA,women,2025,35
sr:competitor:319349,320,205,1,30,WTA,women,2025,35
sr:competitor:299308,321,204,1,26,WTA,women,2025,35
sr:competitor:459317,322,204,-11,25,WTA,women,2025,35
sr:competitor:215476,323,203,2,13,WTA,women,2025,35
sr:competitor:342788,324,202,3,19,WTA,women,2025,35
sr:competitor:1017327,325,201,3,19,WTA,women,2025,35
sr:competitor:96237,326,201,8,22,WTA,women,2025,35
sr:competitor:52388,327,199,-8,31,WTA,women,2025,35
sr:competitor:50643,328,198,2,30,WTA,women,2025,35
sr:competitor:194572,329,194,4,19,WTA,women,2025,35
sr:competitor:143146,330,192,5,23,WTA,women,2025,35
sr:competitor:395740,331,190,5,21,WTA,women,2025,35
sr:competitor:933453,332,190,43,25,WTA,women,2025,35
sr:competitor:138654,333,189,-1,20,WTA,women,2025,35
sr:competitor:813490,334,189,-17,18,WTA,women,2025,35
sr:competitor:938101,335,188,3,6,WTA,women,2025,35
sr:competitor:407799,336,188,-13,17,WTA,women,2025,35
sr:competitor:43502,337,187,3,27,WTA,women,2025,35
sr:competitor:335165,338,187,3,22,WTA,women,2025,35
sr:competitor:445423,339,187,3,23,WTA,women,2025,35
sr:competitor:303814,340,185,3,30,WTA,women,2025,35
sr:competitor:102191,341,185,5,17,WTA,women,2025,35
sr:competitor:97415,342,184,17,20,WTA,women,2025,35
sr:competitor:111879,343,184,5,15,WTA,women,2025,35
sr:competitor:159732,344,182,0,20,WTA,women,2025,35
sr:competitor:353358,345,181,0,25,WTA,women,2025,35
sr:competitor:831262,346,180,4,23,WTA,women,2025,35
sr:competitor:51315,347,178,5,23,WTA,women,2025,35
sr:competitor:20354,348,178,-1,24,WTA,women,2025,35
sr:competitor:258753,349,176,-12,23,WTA,women,2025,35
sr:competitor:981745,350,176,3,12,WTA,women,2025,35
sr:competitor:496378,351,176,4,20,WTA,women,2025,35
sr:competitor:60276,352,173,2,7,WTA,women,2025,35
sr:competitor:33593,353,173,3,16,WTA,women,2025,35
sr:competitor:283489,354,173,4,23,WTA,women,2025,35
sr:competitor:812502,355,169,-26,16,WTA,women,2025,35
sr:competitor:95853,356,169,57,21,WTA,women,2025,35
sr:competitor:772918,357,169,11,27,WTA,women,2025,35
sr:competitor:64968,358,168,2,9,WTA,women,2025,35
sr:competitor:119216,359,168,-8,18,WTA,women,2025,35
sr:competitor:36067,360,167,1,7,WTA,women,2025,35
sr:competitor:948095,361,167,1,17,WTA,women,2025,35
sr:competitor:168526,362,166,1,20,WTA,women,2025,35
sr:competitor:731427,363,165,20,21,WTA,women,2025,35
sr:competitor:154744,364,165,2,19,WTA,women,2025,35
sr:competitor:567285,365,162,4,18,WTA,women,2025,35
sr:competitor:348196,366,161,1,26,WTA,women,2025,35
sr:competitor:47876,367,161,3,22,WTA,women,2025,35
sr:competitor:473609,368,160,12,22,WTA,women,2025,35
sr:competitor:183957,369,160,2,18,WTA,women,2025,35
sr:competitor:165006,370,158,3,23,WTA,women,2025,35
sr:competitor:179300,371,156,3,14,WTA,women,2025,35
sr:competitor:41524,372,156,-23,15,WTA,women,2025,35
sr:competitor:132414,373,156,3,17,WTA,women,2025,35
sr:competitor:904005,374,155,10,27,WTA,women,2025,35
sr:competitor:99429,375,154,3,20,WTA,women,2025,35
sr:competitor:157368,376,154,14,25,WTA,women,2025,35
sr:competitor:209716,377,154,-13,25,WTA,women,2025,35
sr:competitor:194474,378,154,1,25,WTA,women,2025,35
sr:competitor:46304,379,153,-2,12,WTA,women,2025,35
sr:competitor:509086,380,153,2,26,WTA,women,2025,35
sr:competitor:136302,381,152,4,11,WTA,women,2025,35
sr:competitor:355958,382,151,5,22,WTA,women,2025,35
sr:competitor:248717,383,149,5,25,WTA,women,2025,35
sr:competitor:290994,384,147,7,18,WTA,women,2025,35
sr:competitor:325837,385,147,-4,34,WTA,women,2025,35
sr:competitor:831284,386,147,0,26,WTA,women,2025,35
sr:competitor:118526,387,146,-15,18,WTA,women,2025,35
sr:competitor:99385,388,145,5,15,WTA,women,2025,35
sr:competitor:857871,389,145,6,16,WTA,women,2025,35
sr:competitor:880229,390,145,6,19,WTA,women,2025,35
sr:competitor:244216,391,144,-26,24,WTA,women,2025,35
sr:competitor:153736,392,143,-79,22,WTA,women,2025,35
sr:competitor:906723,393,143,4,13,WTA,women,2025,35
sr:competitor:226092,394,143,-2,23,WTA,women,2025,35
sr:competitor:745799,395,142,3,25,WTA,women,2025,35
sr:competitor:45605,396,142,-7,19,WTA,women,2025,35
sr:competitor:147506,397,141,2,13,WTA,women,2025,35
sr:competitor:262023,398,140,2,15,WTA,women,2025,35
sr:competitor:875503,399,140,3,20,WTA,women,2025,35
sr:competitor:67659,400,140,3,20,WTA,women,2025,35
sr:competitor:213144,401,139,9,25,WTA,women,2025,35
sr:competitor:44417,402,139,9,18,WTA,women,2025,35
sr:competitor:152106,403,139,1,19,WTA,women,2025,35
sr:competitor:517274,404,138,8,24,WTA,women,2025,35
sr:competitor:410299,405,138,0,27,WTA,women,2025,35
sr:competitor:203893,406,138,-49,21,WTA,women,2025,35
sr:competitor:65656,407,137,-1,8,WTA,women,2025,35
sr:competitor:32862,408,137,-1,14,WTA,women,2025,35
sr:competitor:731441,409,137,-15,22,WTA,women,2025,35
sr:competitor:98105,410,137,-2,22,WTA,women,2025,35
sr:competitor:46625,411,136,-2,25,WTA,women,2025,35
sr:competitor:222546,412,134,2,28,WTA,women,2025,35
sr:competitor:435798,413,133,2,17,WTA,women,2025,35
sr:competitor:435794,414,132,2,19,WTA,women,2025,35
sr:competitor:104929,415,131,-14,14,WTA,women,2025,35
sr:competitor:416473,416,130,1,19,WTA,women,2025,35
sr:competitor:513582,417,130,1,19,WTA,women,2025,35
sr:competitor:137962,418,129,1,15,WTA,women,2025,35
sr:competitor:950977,419,129,10,18,WTA,women,2025,35
sr:competitor:78785,420,129,0,26,WTA,women,2025,35
sr:competitor:782066,421,129,0,20,WTA,women,2025,35
sr:competitor:881847,422,128,0,18,WTA,women,2025,35
sr:competitor:54171,423,127,0,11,WTA,women,2025,35
sr:competitor:25822,424,127,0,28,WTA,women,2025,35
sr:competitor:103549,425,127,0,13,WTA,women,2025,35
sr:competitor:612124,426,126,1,11,WTA,women,2025,35
sr:competitor:250285,427,126,20,16,WTA,women,2025,35
sr:competitor:345070,428,125,0,15,WTA,women,2025,35
sr:competitor:418139,429,125,1,22,WTA,women,2025,35
sr:competitor:835864,430,125,20,21,WTA,women,2025,35
sr:competitor:111149,431,125,0,23,WTA,women,2025,35
sr:competitor:414533,432,124,0,24,WTA,women,2025,35
sr:competitor:144084,433,124,0,16,WTA,women,2025,35
sr:competitor:282057,434,124,7,23,WTA,women,2025,35
sr:competitor:418447,435,123,0,22,WTA,women,2025,35
sr:competitor:783792,436,123,1,21,WTA,women,2025,35
sr:competitor:447703,437,123,-11,16,WTA,women,2025,35
sr:competitor:448081,438,122,-107,28,WTA,women,2025,35
sr:competitor:78431,439,122,3,14,WTA,women,2025,35
sr:competitor:799662,440,122,-2,15,WTA,women,2025,35
sr:competitor:233266,441,122,-2,23,WTA,women,2025,35
sr:competitor:686597,442,122,-2,20,WTA,women,2025,35
sr:competitor:1020859,443,122,11,21,WTA,women,2025,35
sr:competitor:152766,444,121,11,23,WTA,women,2025,35
sr:competitor:842594,445,121,-2,19,WTA,women,2025,35
sr:competitor:142758,446,121,0,20,WTA,women,2025,35
sr:competitor:280635,447,120,-13,20,WTA,women,2025,35
sr:competitor:158636,448,119,-3,25,WTA,women,2025,35
sr:competitor:649030,449,118,-1,11,WTA,women,2025,35
sr:competitor:720627,450,118,-1,16,WTA,women,2025,35
sr:competitor:164852,451,117,0,21,WTA,women,2025,35
sr:competitor:524486,452,117,14,18,WTA,women,2025,35
sr:competitor:155952,453,116,-1,9,WTA,women,2025,35
sr:competitor:217036,454,115,-10,14,WTA,women,2025,35
sr:competitor:208181,455,115,-2,15,WTA,women,2025,35
sr:competitor:507916,456,114,0,18,WTA,women,2025,35
sr:competitor:858079,457,114,0,23,WTA,women,2025,35
sr:competitor:156098,458,114,27,23,WTA,women,2025,35
sr:competitor:319461,459,113,-1,30,WTA,women,2025,35
sr:competitor:843378,460,113,-24,8,WTA,women,2025,35
sr:competitor:448093,461,111,13,17,WTA,women,2025,35
sr:competitor:1076038,462,111,-2,5,WTA,women,2025,35
sr:competitor:324677,463,111,-2,17,WTA,women,2025,35
sr:competitor:890199,464,111,-2,14,WTA,women,2025,35
sr:competitor:409673,465,110,13,24,WTA,women,2025,35
sr:competitor:459171,466,109,-1,9,WTA,women,2025,35
sr:competitor:82609,467,109,0,19,WTA,women,2025,35
sr:competitor:722877,468,108,0,23,WTA,women,2025,35
sr:competitor:226644,469,108,0,17,WTA,women,2025,35
sr:competitor:71284,470,108,0,15,WTA,women,2025,35
sr:competitor:927441,471,108,0,16,WTA,women,2025,35
sr:competitor:72868,472,107,1,11,WTA,women,2025,35
sr:competitor:73448,473,107,2,10,WTA,women,2025,35
sr:competitor:534517,474,107,2,12,WTA,women,2025,35
sr:competitor:496316,475,107,2,22,WTA,women,2025,35
sr:competitor:41737,476,106,3,12,WTA,women,2025,35
sr:competitor:202623,477,106,3,19,WTA,women,2025,35
sr:competitor:120664,478,106,3,18,WTA,women,2025,35
sr:competitor:870979,479,106,3,20,WTA,women,2025,35
sr:competitor:89566,480,105,4,18,WTA,women,2025,35
sr:competitor:960137,481,104,-9,20,WTA,women,2025,35
sr:competitor:681115,482,104,4,13,WTA,women,2025,35
sr:competitor:315567,483,104,9,18,WTA,women,2025,35
sr:competitor:73500,484,103,4,19,WTA,women,2025,35
sr:competitor:310982,485,103,4,18,WTA,women,2025,35
sr:competitor:246945,486,103,10,17,WTA,women,2025,35
sr:competitor:827398,487,103,3,17,WTA,women,2025,35
sr:competitor:868599,488,102,3,19,WTA,women,2025,35
sr:competitor:833336,489,102,-26,20,WTA,women,2025,35
sr:competitor:804342,490,101,5,19,WTA,women,2025,35
sr:competitor:816614,491,101,6,17,WTA,women,2025,35
sr:competitor:588067,492,101,-9,16,WTA,women,2025,35
sr:competitor:43233,493,101,5,18,WTA,women,2025,35
sr:competitor:70970,494,101,5,17,WTA,women,2025,35
sr:competitor:881685,495,100,39,9,WTA,women,2025,35
sr:competitor:292540,496,100,4,11,WTA,women,2025,35
sr:competitor:412817,497,99,4,13,WTA,women,2025,35
sr:competitor:19329,498,99,4,17,WTA,women,2025,35
sr:competitor:120722,499,99,-12,20,WTA,women,2025,35
sr:competitor:134342,500,98,4,12,WTA,women,2025,35
